{
  "generator-jhipster": {
    "applicationType": "monolith",
    "gitCompany": "",
    "baseName": "becodapoeirashop",
    "packageName": "io.github.jhipster.application",
    "packageFolder": "io/github/jhipster/application",
    "serverPort": 8080,
    "serviceDiscoveryType": false,
    "authenticationType": "jwt",
    "uaaBaseName": "../uaa",
    "cacheProvider": "ehcache",
    "enableHibernateCache": true,
    "websocket": false,
    "databaseType": "sql",
    "devDatabaseType": "h2Disk",
    "prodDatabaseType": "mysql",
    "searchEngine": false,
    "enableSwaggerCodegen": false,
    "messageBroker": false,
    "buildTool": "maven",
    "useSass": true,
    "clientPackageManager": "npm",
    "testFrameworks": [],
    "enableTranslation": false,
    "nativeLanguage": "en",
    "languages": [
      "en"
    ],
    "clientFramework": "angularX",
    "jhiPrefix": "jhi",
    "jhipsterVersion": "6.1.2",
    "jwtSecretKey": "MzJlYzUyNTU1ZGVjMWY5ODAyNTI0ODNhYzg0OTk5YjlhYTM1ZjAxMjNkZmY1OTM0MDVlYTViMDdkNzBiMGJmNTMxOTI4M2YzMzRjYTg4ZDlmOWQ3MjEzZjM0NzI5MDk2MWNjMmIwN2MzNzJlZTA5MzAzYmFhZGM2YzYwMjNlODE=",
    "clientTheme": "none",
    "entitySuffix": "",
    "dtoSuffix": "DTO",
    "otherModules": []
  }
}